Workbook

Sheet Összesítő
A2: AutoWinWatt adatbeviteli sablon
A3: Strukturált bemenet WinWatt projekt és tanúsítási XML előállításához
A5: Mutató | B5: Érték | D5: Használat
A6: Projektek | B6: =COUNTIF(Projekt!A6:A205,"?*") -> 0 | D6: 1. A sárga mezőket töltsd ki; a zöld mezők képletek.
A7: Szerkezetek | B7: =COUNTIF(Szerkezetek!A6:A205,"?*") -> 0 | D7: 2. Minden rekordnak legyen egyedi azonosítója.
A8: Rétegek | B8: =COUNTIF(Rétegek!A6:A205,"?*") -> 0 | D8: 3. A hivatkozások az azonosítókat használják, nem a neveket.
A9: Helyiségek | B9: =COUNTIF(Helyiségek!A6:A205,"?*") -> 0 | D9: 4. A nyílászáró területét a sablon levonja a bruttó határolófelületből.
A10: Határolók | B10: =COUNTIF(Határolók!A6:A205,"?*") -> 0 | D10: 5. A Képek lapon fájlútvonal vagy URL köthető bármely rekordhoz.
A11: Nyílászárók | B11: =COUNTIF(Nyílászárók!A6:A205,"?*") -> 0 | D11: 6. Átadás előtt az Ellenőrzés lapon minden hibaszám legyen nulla.
A12: Gépészeti rendszerek | B12: =COUNTIF(Gépészet!A6:A205,"?*") -> 0

Sheet Projekt
A2: Projekt- és tanúsítási alapadatok
A3: Egy sor egy tanúsítandó épületet vagy önálló rendeltetési egységet ír le.
A5: Projekt ID [project_id] | B5: Megnevezés [name] | C5: Cím [address] | D5: HRSZ [parcel_no] | E5: Épület/lakás ID [unit_id] | F5: Rendeltetés [use_type] | G5: Tanúsítás oka [certification_reason] | H5: Építés éve [construction_year] | I5: Felújítás éve [renovation_year] | J5: Fűtött alapterület [heated_floor_area_m2] | K5: Fűtött térfogat [heated_volume_m3] | L5: Átlagos belmagasság [default_height_m] | M5: Szintek száma [floor_count] | N5: Éghajlati település [climate_location] | O5: Tanúsító neve [certifier_name] | P5: Tanúsítói azonosító [certifier_id] | Q5: Alapértelmezett zóna ID [default_zone_id] | R5: Megjegyzés [note]

Sheet Szerkezetek
A2: Szerkezetek
A3: Egy sor egy WinWattban használható szerkezettípus. Rétegrendes szerkezetnél a részleteket a Rétegek lap tartalmazza.
A5: Szerkezet ID [structure_id] | B5: Projekt ID [project_id] | C5: Megnevezés [name] | D5: Kategória [category] | E5: WinWatt típus [winwatt_type] | F5: Hőátbocsátási tényező [u_value_w_m2k] | G5: U-érték forrása [u_value_source] | H5: Rétegrend megadva [has_layers] | I5: Külső/belső oldal [layer_order] | J5: g-érték [g_value] | K5: Légáteresztés [air_permeability] | L5: Keretarány [frame_fraction] | M5: Állapot [status] | N5: Forrásazonosító [source_ref] | O5: Képreferencia [image_ref] | P5: Megjegyzés [note]

Sheet Rétegek
A2: Rétegrendek
A3: A rétegeket külső oldalról a belső oldal felé, növekvő sorszámmal add meg.
A5: Réteg ID [layer_id] | B5: Szerkezet ID [structure_id] | C5: Sorszám [sequence] | D5: Anyag megnevezése [material_name] | E5: WinWatt katalógus ID [catalog_material_id] | F5: Katalógus útvonal [catalog_path] | G5: Vastagság [thickness_m] | H5: Hővezetési tényező [lambda_w_mk] | I5: Sűrűség [density_kg_m3] | J5: Páradiffúziós tényező [mu] | K5: Hőellenállás [r_m2k_w] | L5: Forrásazonosító [source_ref] | M5: Képreferencia [image_ref] | N5: Megjegyzés [note]
K6: =IF(A6="","",IF(OR(G6="",H6="",H6=0),"",G6/H6))
K7: =IF(A7="","",IF(OR(G7="",H7="",H7=0),"",G7/H7))
K8: =IF(A8="","",IF(OR(G8="",H8="",H8=0),"",G8/H8))
K9: =IF(A9="","",IF(OR(G9="",H9="",H9=0),"",G9/H9))
K10: =IF(A10="","",IF(OR(G10="",H10="",H10=0),"",G10/H10))
K11: =IF(A11="","",IF(OR(G11="",H11="",H11=0),"",G11/H11))
K12: =IF(A12="","",IF(OR(G12="",H12="",H12=0),"",G12/H12))
K13: =IF(A13="","",IF(OR(G13="",H13="",H13=0),"",G13/H13))
K14: =IF(A14="","",IF(OR(G14="",H14="",H14=0),"",G14/H14))
K15: =IF(A15="","",IF(OR(G15="",H15="",H15=0),"",G15/H15))
K16: =IF(A16="","",IF(OR(G16="",H16="",H16=0),"",G16/H16))
K17: =IF(A17="","",IF(OR(G17="",H17="",H17=0),"",G17/H17))
... K205: =IF(A205="","",IF(OR(G205="",H205="",H205=0),"",G205/H205))

Sheet Helyiségek
A2: Helyiségek és zónák
A3: Minden megnevezett helyiség külön sor. A termikus zóna több helyiséget is összefoghat.
A5: Helyiség ID [room_id] | B5: Projekt ID [project_id] | C5: Zóna ID [zone_id] | D5: Szint [floor] | E5: Helyiség neve [name] | F5: Rendeltetés [use_type] | G5: Alapterület [floor_area_m2] | H5: Belmagasság [height_m] | I5: Térfogat [volume_m3] | J5: Fűtött [heated] | K5: Belső hőmérséklet [design_temp_c] | L5: Forrásazonosító [source_ref] | M5: Képreferencia [image_ref] | N5: Megjegyzés [note]
I6: =IF(A6="","",IF(OR(G6="",H6=""),"",G6*H6))
I7: =IF(A7="","",IF(OR(G7="",H7=""),"",G7*H7))
I8: =IF(A8="","",IF(OR(G8="",H8=""),"",G8*H8))
I9: =IF(A9="","",IF(OR(G9="",H9=""),"",G9*H9))
I10: =IF(A10="","",IF(OR(G10="",H10=""),"",G10*H10))
I11: =IF(A11="","",IF(OR(G11="",H11=""),"",G11*H11))
I12: =IF(A12="","",IF(OR(G12="",H12=""),"",G12*H12))
I13: =IF(A13="","",IF(OR(G13="",H13=""),"",G13*H13))
I14: =IF(A14="","",IF(OR(G14="",H14=""),"",G14*H14))
I15: =IF(A15="","",IF(OR(G15="",H15=""),"",G15*H15))
I16: =IF(A16="","",IF(OR(G16="",H16=""),"",G16*H16))
I17: =IF(A17="","",IF(OR(G17="",H17=""),"",G17*H17))
... I205: =IF(A205="","",IF(OR(G205="",H205=""),"",G205*H205))

Sheet Határolók
A2: Helyiséghatárolók
A3: A bruttó felület a belső méretből készül. A nyílászárók összterületét a sablon automatikusan levonja.
A5: Határoló ID [boundary_id] | B5: Helyiség ID [room_id] | C5: Szerkezet ID [structure_id] | D5: Határoló típusa [boundary_type] | E5: Túloldali tér [adjacent_space_type] | F5: Túloldali ID [adjacent_id] | G5: Tájolás [orientation_deg] | H5: Belső hossz [inside_length_m] | I5: Magasság [height_m] | J5: Közvetlen bruttó felület [gross_area_override_m2] | K5: Számított bruttó felület [gross_area_m2] | L5: Nyílászárók területe [opening_area_m2] | M5: Nettó szerkezetfelület [net_area_m2] | N5: Hőmérséklet-korrekció [temperature_factor] | O5: Lejtés [inclination_deg] | P5: Talajkapcsolati kerület [ground_perimeter_m] | Q5: Állapot [status] | R5: Forrásazonosító [source_ref] | S5: Képreferencia [image_ref] | T5: Bizonyosság [confidence] | U5: Megjegyzés [note]
K6: =IF(A6="","",IF(J6<>"",J6,IF(OR(H6="",I6=""),"",H6*I6))) | L6: =IF(A6="","",SUMIF(Nyílászárók!$C$6:$C$205,A6,Nyílászárók!$I$6:$I$205)) | M6: =IF(A6="","",IF(K6="","",K6-L6))
K7: =IF(A7="","",IF(J7<>"",J7,IF(OR(H7="",I7=""),"",H7*I7))) | L7: =IF(A7="","",SUMIF(Nyílászárók!$C$6:$C$205,A7,Nyílászárók!$I$6:$I$205)) | M7: =IF(A7="","",IF(K7="","",K7-L7))
K8: =IF(A8="","",IF(J8<>"",J8,IF(OR(H8="",I8=""),"",H8*I8))) | L8: =IF(A8="","",SUMIF(Nyílászárók!$C$6:$C$205,A8,Nyílászárók!$I$6:$I$205)) | M8: =IF(A8="","",IF(K8="","",K8-L8))
K9: =IF(A9="","",IF(J9<>"",J9,IF(OR(H9="",I9=""),"",H9*I9))) | L9: =IF(A9="","",SUMIF(Nyílászárók!$C$6:$C$205,A9,Nyílászárók!$I$6:$I$205)) | M9: =IF(A9="","",IF(K9="","",K9-L9))
K10: =IF(A10="","",IF(J10<>"",J10,IF(OR(H10="",I10=""),"",H10*I10))) | L10: =IF(A10="","",SUMIF(Nyílászárók!$C$6:$C$205,A10,Nyílászárók!$I$6:$I$205)) | M10: =IF(A10="","",IF(K10="","",K10-L10))
K11: =IF(A11="","",IF(J11<>"",J11,IF(OR(H11="",I11=""),"",H11*I11))) | L11: =IF(A11="","",SUMIF(Nyílászárók!$C$6:$C$205,A11,Nyílászárók!$I$6:$I$205)) | M11: =IF(A11="","",IF(K11="","",K11-L11))
K12: =IF(A12="","",IF(J12<>"",J12,IF(OR(H12="",I12=""),"",H12*I12))) | L12: =IF(A12="","",SUMIF(Nyílászárók!$C$6:$C$205,A12,Nyílászárók!$I$6:$I$205)) | M12: =IF(A12="","",IF(K12="","",K12-L12))
K13: =IF(A13="","",IF(J13<>"",J13,IF(OR(H13="",I13=""),"",H13*I13))) | L13: =IF(A13="","",SUMIF(Nyílászárók!$C$6:$C$205,A13,Nyílászárók!$I$6:$I$205)) | M13: =IF(A13="","",IF(K13="","",K13-L13))
K14: =IF(A14="","",IF(J14<>"",J14,IF(OR(H14="",I14=""),"",H14*I14))) | L14: =IF(A14="","",SUMIF(Nyílászárók!$C$6:$C$205,A14,Nyílászárók!$I$6:$I$205)) | M14: =IF(A14="","",IF(K14="","",K14-L14))
K15: =IF(A15="","",IF(J15<>"",J15,IF(OR(H15="",I15=""),"",H15*I15))) | L15: =IF(A15="","",SUMIF(Nyílászárók!$C$6:$C$205,A15,Nyílászárók!$I$6:$I$205)) | M15: =IF(A15="","",IF(K15="","",K15-L15))
K16: =IF(A16="","",IF(J16<>"",J16,IF(OR(H16="",I16=""),"",H16*I16))) | L16: =IF(A16="","",SUMIF(Nyílászárók!$C$6:$C$205,A16,Nyílászárók!$I$6:$I$205)) | M16: =IF(A16="","",IF(K16="","",K16-L16))
K17: =IF(A17="","",IF(J17<>"",J17,IF(OR(H17="",I17=""),"",H17*I17))) | L17: =IF(A17="","",SUMIF(Nyílászárók!$C$6:$C$205,A17,Nyílászárók!$I$6:$I$205)) | M17: =IF(A17="","",IF(K17="","",K17-L17))
... K205: =IF(A205="","",IF(J205<>"",J205,IF(OR(H205="",I205=""),"",H205*I205))) | L205: =IF(A205="","",SUMIF(Nyílászárók!$C$6:$C$205,A205,Nyílászárók!$I$6:$I$205)) | M205: =IF(A205="","",IF(K205="","",K205-L205))

Sheet Nyílászárók
A2: Nyílászárók
A3: Egy sor egy nyílászárótípus vagy azonos méretű csoport. A pontos falon belüli pozíció nem szükséges.
A5: Nyílászáró ID [opening_id] | B5: Helyiség ID [room_id] | C5: Határoló ID [boundary_id] | D5: Szerkezet ID [structure_id] | E5: Típus [opening_type] | F5: Szélesség [width_m] | G5: Magasság [height_m] | H5: Darabszám [quantity] | I5: Összterület [area_m2] | J5: Tájolás [orientation_deg] | K5: Árnyékolás [shading] | L5: Állapot [status] | M5: Forrásazonosító [source_ref] | N5: Képreferencia [image_ref] | O5: Bizonyosság [confidence] | P5: Megjegyzés [note]
I6: =IF(A6="","",IF(OR(F6="",G6="",H6=""),"",F6*G6*H6))
I7: =IF(A7="","",IF(OR(F7="",G7="",H7=""),"",F7*G7*H7))
I8: =IF(A8="","",IF(OR(F8="",G8="",H8=""),"",F8*G8*H8))
I9: =IF(A9="","",IF(OR(F9="",G9="",H9=""),"",F9*G9*H9))
I10: =IF(A10="","",IF(OR(F10="",G10="",H10=""),"",F10*G10*H10))
I11: =IF(A11="","",IF(OR(F11="",G11="",H11=""),"",F11*G11*H11))
I12: =IF(A12="","",IF(OR(F12="",G12="",H12=""),"",F12*G12*H12))
I13: =IF(A13="","",IF(OR(F13="",G13="",H13=""),"",F13*G13*H13))
I14: =IF(A14="","",IF(OR(F14="",G14="",H14=""),"",F14*G14*H14))
I15: =IF(A15="","",IF(OR(F15="",G15="",H15=""),"",F15*G15*H15))
I16: =IF(A16="","",IF(OR(F16="",G16="",H16=""),"",F16*G16*H16))
I17: =IF(A17="","",IF(OR(F17="",G17="",H17=""),"",F17*G17*H17))
... I205: =IF(A205="","",IF(OR(F205="",G205="",H205=""),"",F205*G205*H205))

Sheet Gépészet
A2: Gépészeti rendszerek
A3: Egy sor egy szolgáltatás/rendszer. Több hőtermelő vagy részleges lefedettség külön sorokkal írható le.
A5: Rendszer ID [system_id] | B5: Projekt ID [project_id] | C5: Zóna ID [zone_id] | D5: Szolgáltatás [service_type] | E5: Rendszer megnevezése [name] | F5: Energiaforrás [energy_carrier] | G5: Hőtermelő típusa [generator_type] | H5: Gyártó/típus [product] | I5: Névleges teljesítmény [capacity_kw] | J5: Hatásfok/COP/SCOP [efficiency] | K5: Lefedettség [coverage_fraction] | L5: Hőleadás [emitter_type] | M5: Elosztás [distribution] | N5: Szabályozás [control] | O5: Tároló térfogat [storage_l] | P5: Segédenergia [auxiliary_kwh_y] | Q5: Megújuló hozam [renewable_kwh_y] | R5: Állapot [status] | S5: Forrásazonosító [source_ref] | T5: Képreferencia [image_ref] | U5: Megjegyzés [note]

Sheet Képek
A2: Képek és dokumentumhivatkozások
A3: A fájlokat nem kell az Excelbe ágyazni; abszolút/relatív fájlútvonal vagy URL adható meg.
A5: Kép ID [image_id] | B5: Projekt ID [project_id] | C5: Kapcsolt rekord típusa [entity_type] | D5: Kapcsolt rekord ID [entity_id] | E5: Fájlútvonal vagy URL [uri] | F5: Oldal [page] | G5: Kivágás/terület [region] | H5: Leírás [description] | I5: Forrás dátuma [source_date] | J5: Megjegyzés [note]

Sheet Ellenőrzés
A2: Adatminőségi ellenőrzések
A3: A hibaszámoknak nulla értéket kell mutatniuk az automatikus import előtt.
A5: Ellenőrzés | B5: Hibák száma | C5: Elvárt érték
A6: Projekt ID hiányzik | B6: =COUNTIF(Projekt!B6:B205,"?*")-COUNTIFS(Projekt!B6:B205,"?*",Projekt!A6:A205,"?*") -> 0 | C6: 0
A7: Duplikált szerkezet ID | B7: =SUMPRODUCT((Szerkezetek!A6:A205<>"")*(COUNTIF(Szerkezetek!A6:A205,Szerkezetek!A6:A205)>1)) -> 0 | C7: 0
A8: Réteg ismeretlen szerkezetre hivatkozik | B8: =SUMPRODUCT((Rétegek!A6:A205<>"")*(COUNTIF(Szerkezetek!A6:A205,Rétegek!B6:B205)=0)) -> 0 | C8: 0
A9: Helyiség ismeretlen projektre hivatkozik | B9: =SUMPRODUCT((Helyiségek!A6:A205<>"")*(COUNTIF(Projekt!A6:A205,Helyiségek!B6:B205)=0)) -> 0 | C9: 0
A10: Határoló ismeretlen helyiségre hivatkozik | B10: =SUMPRODUCT((Határolók!A6:A205<>"")*(COUNTIF(Helyiségek!A6:A205,Határolók!B6:B205)=0)) -> 0 | C10: 0
A11: Határoló ismeretlen szerkezetre hivatkozik | B11: =SUMPRODUCT((Határolók!A6:A205<>"")*(COUNTIF(Szerkezetek!A6:A205,Határolók!C6:C205)=0)) -> 0 | C11: 0
A12: Nyílászáró ismeretlen határolóra hivatkozik | B12: =SUMPRODUCT((Nyílászárók!A6:A205<>"")*(COUNTIF(Határolók!A6:A205,Nyílászárók!C6:C205)=0)) -> 0 | C12: 0
A13: Nyílászáró ismeretlen szerkezetre hivatkozik | B13: =SUMPRODUCT((Nyílászárók!A6:A205<>"")*(COUNTIF(Szerkezetek!A6:A205,Nyílászárók!D6:D205)=0)) -> 0 | C13: 0
A14: Negatív nettó határolófelület | B14: =COUNTIF(Határolók!M6:M205,"<0") -> 0 | C14: 0
A15: Gépészet ismeretlen projektre hivatkozik | B15: =SUMPRODUCT((Gépészet!A6:A205<>"")*(COUNTIF(Projekt!A6:A205,Gépészet!B6:B205)=0)) -> 0 | C15: 0
A16: Kép kapcsolt rekord ID nélkül | B16: =SUMPRODUCT((Képek!A6:A205<>"")*(Képek!D6:D205="")) -> 0 | C16: 0

Sheet Listák
A1: Rendeltetés | B1: Szerkezet kategória | C1: Határoló típus | D1: Túloldali tér | E1: Nyílászáró típus | F1: Gépészeti szolgáltatás | G1: Igen/Nem | H1: Állapot | I1: Bizonyosság | J1: Rekordtípus
A2: lakó | B2: külső fal | C2: fal | D2: külső levegő | E2: ablak | F2: fűtés | G2: igen | H2: tervezett | I2: magas | J2: projekt
A3: iroda | B3: belső fal | C3: padló | D3: talaj | E3: erkélyajtó | F3: HMV | G3: nem | H3: meglévő | I3: közepes | J3: szerkezet
A4: oktatási | B4: talajon fekvő padló | C4: födém | D4: fűtetlen tér | E4: bejárati ajtó | F4: hűtés | H4: ellenőrzött | I4: alacsony | J4: réteg
A5: egészségügyi | B5: alsó födém | C5: tető | D5: másik lakás | E5: egyéb ajtó | F5: szellőzés | H5: bizonytalan | J5: helyiség
A6: kereskedelmi | B6: közbenső födém | C6: nyílászáró | D6: fűtött tér | F6: világítás | J6: határoló
A7: szállás | B7: zárófödém | C7: hőhíd | D7: lépcsőház | F7: napelem | J7: nyílászáró
A8: sport | B8: tető | C8: egyéb | D8: garázs | F8: napkollektor | J8: gépészet
A9: ipari | B9: ablak | D9: ismeretlen | J9: egyéb
A10: raktár | B10: ajtó
A11: egyéb | B11: üvegfal
B12: egyéb
